{"Klinik_ID":{"0":1,"1":2,"2":3,"3":4,"4":5,"5":6,"6":7,"7":8,"8":9,"9":10,"10":11,"11":12,"12":13,"13":14,"14":15,"15":16,"16":17,"17":18,"18":19,"19":20,"20":21,"21":22,"22":23,"23":24},"KB_Sentiment":{"0":3.7698549143,"1":4.0331879066,"2":4.026774198,"3":2.9586581186,"4":3.5997686932,"5":3.4262921423,"6":3.9198181416,"7":4.0135496418,"8":3.7684547651,"9":3.7235265085,"10":3.7058370853,"11":3.7657301531,"12":3.7478150689,"13":3.7233821734,"14":3.6460624064,"15":3.8571494973,"16":3.7281545767,"17":3.7530375294,"18":4.1493668506,"19":3.5224135495,"20":3.5932289016,"21":3.5296190938,"22":4.2197520391,"23":3.4115988876}}